<application>
  <component name="DesignSurface">
    <option name="filePathToZoomLevelMap">
      <map>
        <entry key="..\:/Users/kbutt/AndroidStudioProjects/sendDataBetweenActivities/app/src/main/res/layout/activity_b.xml" value="0.20416666666666666" />
        <entry key="..\:/Users/kbutt/AndroidStudioProjects/sendDataBetweenActivities/app/src/main/res/layout/activity_main.xml" value="0.3614583333333333" />
        <entry key="..\:/Users/kbutt/Documents/GitHub/Udemy_mobile_development/Other Android Course/CardView App/app/src/main/res/layout/activity_main.xml" value="0.28940217391304346" />
        <entry key="..\:/Users/kbutt/Documents/GitHub/Udemy_mobile_development/Other Android Course/CardView App/app/src/main/res/layout/activity_scrolling.xml" value="0.196875" />
        <entry key="..\:/Users/kbutt/Documents/GitHub/Udemy_mobile_development/Other Android Course/CardView App/app/src/main/res/layout/card_app.xml" value="0.28940217391304346" />
        <entry key="..\:/Users/kbutt/Documents/GitHub/Udemy_mobile_development/Other Android Course/CardView App/app/src/main/res/layout/content_scrolling.xml" value="0.2957427536231884" />
        <entry key="..\:/Users/kbutt/Documents/GitHub/Udemy_mobile_development/Other Android Course/CardView App/app/src/main/res/layout/dimens.xml" value="0.28940217391304346" />
        <entry key="..\:/Users/kbutt/Documents/GitHub/Udemy_mobile_development/Other Android Course/CustomListView/app/src/main/res/layout/activity_main.xml" value="0.365625" />
        <entry key="..\:/Users/kbutt/Documents/GitHub/Udemy_mobile_development/Other Android Course/CustomListView/app/src/main/res/layout/item_custom_layout.xml" value="0.365625" />
        <entry key="..\:/Users/kbutt/Documents/GitHub/Udemy_mobile_development/Other Android Course/ListViewExample/app/src/main/res/layout/activity_main.xml" value="0.2957427536231884" />
        <entry key="..\:/Users/kbutt/Documents/GitHub/Udemy_mobile_development/Other Android Course/PDFViewerApp/app/src/main/res/layout/activity_main.xml" value="0.2957427536231884" />
        <entry key="..\:/Users/kbutt/Documents/GitHub/Udemy_mobile_development/Other Android Course/RecyclerView/app/src/main/res/layout/activity_main.xml" value="0.365625" />
        <entry key="..\:/Users/kbutt/Documents/GitHub/Udemy_mobile_development/Other Android Course/RecyclerView/app/src/main/res/layout/rpgcharacter_row.xml" value="0.365625" />
        <entry key="..\:/Users/kbutt/Documents/GitHub/Udemy_mobile_development/Other Android Course/app/src/main/res/layout/activity_main.xml" value="0.2957427536231884" />
        <entry key="..\:/Users/kbutt/Documents/GitHub/Udemy_mobile_development/Section 5/Brain Trainer/app/src/main/res/layout/activity_main.xml" value="0.1" />
        <entry key="..\:/Users/kbutt/Documents/GitHub/Weekly_Paycheck_App/app/src/main/res/drawable/ic_baseline_add_24.xml" value="0.3807291666666667" />
        <entry key="..\:/Users/kbutt/Documents/GitHub/Weekly_Paycheck_App/app/src/main/res/layout/activity_main.xml" value="0.365625" />
        <entry key="..\:/Users/kbutt/Documents/GitHub/Weekly_Paycheck_App/app/src/main/res/layout/activity_money.xml" value="0.365625" />
        <entry key="..\:/Users/kbutt/Documents/GitHub/Weekly_Paycheck_App/app/src/main/res/layout/money_row.xml" value="0.20416666666666666" />
        <entry key="..\:/Users/kbutt/Documents/GitHub/mobile_repos/FarmTracker/app/src/main/res/drawable-v24/ic_launcher_foreground.xml" value="0.21927083333333333" />
        <entry key="..\:/Users/kbutt/Documents/GitHub/mobile_repos/FarmTracker/app/src/main/res/drawable/ic_add_background.xml" value="0.21927083333333333" />
        <entry key="..\:/Users/kbutt/Documents/GitHub/mobile_repos/FarmTracker/app/src/main/res/drawable/ic_add_foreground.xml" value="0.21927083333333333" />
        <entry key="..\:/Users/kbutt/Documents/GitHub/mobile_repos/FarmTracker/app/src/main/res/drawable/ic_herd_background.xml" value="0.21927083333333333" />
        <entry key="..\:/Users/kbutt/Documents/GitHub/mobile_repos/FarmTracker/app/src/main/res/drawable/ic_herd_foreground.xml" value="0.21927083333333333" />
        <entry key="..\:/Users/kbutt/Documents/GitHub/mobile_repos/FarmTracker/app/src/main/res/drawable/ic_launcher_background.xml" value="0.21927083333333333" />
        <entry key="..\:/Users/kbutt/Documents/GitHub/mobile_repos/FarmTracker/app/src/main/res/layout/activity_main.xml" value="0.365625" />
        <entry key="..\:/Users/kbutt/Documents/GitHub/mobile_repos/FarmTracker/app/src/main/res/menu/bottom_nav_menu.xml" value="0.20416666666666666" />
        <entry key="..\:/Users/kbutt/Documents/GitHub/mobile_repos/paycheck_timeline_app/app/src/main/res/layout/activity_add_money.xml" value="0.365625" />
        <entry key="..\:/Users/kbutt/Documents/GitHub/mobile_repos/paycheck_timeline_app/app/src/main/res/layout/activity_main.xml" value="0.3515625" />
        <entry key="..\:/Users/kbutt/Documents/GitHub/mobile_repos/paycheck_timeline_app/app/src/main/res/layout/my_row.xml" value="0.20416666666666666" />
        <entry key="app/src/main/res/layout/activity_main.xml" value="0.11911231884057971" />
      </map>
    </option>
  </component>
</application>